url_path,views_total,views_unique
/vandan-revanur/pychemprojections,17,13
/vandan-revanur/pychemprojections/blob/github-repo-stats/vandan-revanur/pychemprojections/latest-report/report.pdf,15,2
/vandan-revanur/pychemprojections/tree/github-repo-stats/vandan-revanur/pychemprojections/latest-report,12,2
/vandan-revanur/pychemprojections/tree/master/examples,11,4
/vandan-revanur/pychemprojections/tree/github-repo-stats/vandan-revanur/pychemprojections,11,2
/vandan-revanur/pychemprojections/tree/github-repo-stats,9,2
/vandan-revanur/pychemprojections/blob/master/examples/fischer_projection.ipynb,6,3
/vandan-revanur/pychemprojections/blob/master/examples/newman_projection.ipynb,4,2
/vandan-revanur/pychemprojections/blob/master/examples/wedgedash_projection.ipynb,4,2
/vandan-revanur/pychemprojections/tree/github-repo-stats/vandan-revanur,2,1
